﻿<Solution xmlns="http://schemas.microsoft.com/sharepoint/" SolutionId="fb3ad0dc-d10d-4f5f-a665-ee405e284c34" SharePointProductVersion="14.0">
  <Assemblies>
    <Assembly Location="CNRFCCalendarWebPart.dll" DeploymentTarget="GlobalAssemblyCache">
      <SafeControls>
        <SafeControl Assembly="CNRFC, Version=1.0.0.0, Culture=neutral, PublicKeyToken=8c0b7283b79fcc8d" Namespace="CNRFC" TypeName="*" />
      </SafeControls>
    </Assembly>
  </Assemblies>
  <TemplateFiles>
    <TemplateFile Location="CONTROLTEMPLATES\CNRFC\CNRFC Calendar\CalendarEditorPartUserControl.ascx" />
    <TemplateFile Location="CONTROLTEMPLATES\CNRFC\CNRFC Calendar\CalendarWebPartUserControl.ascx" />
  </TemplateFiles>
  <FeatureManifests>
    <FeatureManifest Location="CNRFCCalendarWebPart_CNRFCCalendarWebPart\Feature.xml" />
  </FeatureManifests>
</Solution>
