﻿<?xml version="1.0" encoding="utf-8"?>
<Feature xmlns="http://schemas.microsoft.com/sharepoint/" Description="CNRFC Extended Calendar Web Part" Id="5a2ba3b0-1604-4099-984f-2e578d409655" Scope="Site" Title="CNRFCCalendarWebPart Feature">
  <ElementManifests>
    <ElementManifest Location="CNRFC Calendar\Elements.xml" />
    <ElementFile Location="CNRFC Calendar\CNRFCCalendarWebPart.webpart" />
    <ElementManifest Location="CNRFCAssets\Elements.xml" />
    <ElementManifest Location="CNRFCAssetsContents\Elements.xml" />
    <ElementFile Location="CNRFCAssetsContents\css\CNRFCCalendarCSS.css" />
    <ElementFile Location="CNRFCAssetsContents\css\spectrum.css" />
    <ElementFile Location="CNRFCAssetsContents\js\CNRFC.Calendar.js" />
    <ElementFile Location="CNRFCAssetsContents\js\date.js" />
    <ElementFile Location="CNRFCAssetsContents\js\jquery.min.js" />
    <ElementFile Location="CNRFCAssetsContents\js\jquery.SPServices-2014.01.min.js" />
    <ElementFile Location="CNRFCAssetsContents\js\spectrum.js" />
  </ElementManifests>
</Feature>