﻿<?xml version="1.0" encoding="utf-8"?>
<Elements xmlns="http://schemas.microsoft.com/sharepoint/">
  <Module Name="CNRFCAssetsContents" Url="CNRFCAssets">
    <File Path="CNRFCAssetsContents\css\CNRFCCalendarCSS.css" Url="css/CNRFCCalendarCSS.css" Type="GhostableInLibrary" />
    <File Path="CNRFCAssetsContents\css\spectrum.css" Url="css/spectrum.css" Type="GhostableInLibrary" />
    <File Path="CNRFCAssetsContents\js\CNRFC.Calendar.js" Url="js/CNRFC.Calendar.js" Type="GhostableInLibrary" />
    <File Path="CNRFCAssetsContents\js\date.js" Url="js/date.js" Type="GhostableInLibrary" />
    <File Path="CNRFCAssetsContents\js\jquery.min.js" Url="js/jquery.min.js" Type="GhostableInLibrary" />
    <File Path="CNRFCAssetsContents\js\jquery.SPServices-2014.01.min.js" Url="js/jquery.SPServices-2014.01.min.js" Type="GhostableInLibrary" />
    <File Path="CNRFCAssetsContents\js\spectrum.js" Url="js/spectrum.js" Type="GhostableInLibrary" />
  </Module>
</Elements>